StoreKey|Store Type|Store Name|Status|Open Date|Close Date|Zip Code|Zip Code Extension|Store Phone|Continent|City|State|Address Line 1|Address Line 2|Close Reason|Employees|Selling Area|Last Remodel Date|CountryRegion
17|"Store"|"Contoso Spokane Store"|"On"|2004-03-26 00:00:00.000||"97001"|"97017"|"984-555-0185"|"North America"|"Spokane"|"Washington"|"Logan Ave  Shopping mall"|"Logan Ave  Shopping mall"|""|25|700|2009-06-17 00:00:00.000|"United States"
5|"Store"|"Contoso Redmond Store"|"On"|2004-04-02 00:00:00.000||"97001"|"97005"|"612-555-0100"|"North America"|"Redmond"|"Washington"|"Downtown shopping mall"|"Downtown shopping mall"|""|33|560|2009-06-17 00:00:00.000|"United States"
15|"Store"|"Contoso Renton Store"|"On"|2004-02-24 00:00:00.000||"97001"|"97015"|"424-555-0189"|"North America"|"Renton"|"Washington"|"Renton,Citycenter"|"Renton,Citycenter"|""|22|500|2009-06-17 00:00:00.000|"United States"
2|"Store"|"Contoso Seattle No.2 Store"|"On"|2004-02-14 00:00:00.000||"97001"|"97002"|"150-555-0189"|"North America"|"Seattle"|"Washington"|"Mino shopping mall"|"Mino shopping mall"|""|25|700|2009-06-17 00:00:00.000|"United States"
150|"Store"|"Contoso Attleboro Store"|"On"|2004-02-20 00:00:00.000||"2703"|"2703"|"589-555-0147"|"North America"|"Attleboro"|"Massachusetts"|"Thacher Downtown"|"Thacher Downtown"|""|19|455|2009-06-17 00:00:00.000|"United States"
40|"Store"|"Contoso Aurora Store"|"On"|2003-06-11 00:00:00.000||"87001"|"87021"|"794-555-0159"|"North America"|"Aurora"|"Colorado"|"Willow Park Ave"|"Willow Park Ave"|""|25|700|2009-06-17 00:00:00.000|"United States"
197|"Store"|"Contoso Back River Store"|"On"|2004-07-23 00:00:00.000||"21219"|"21219"|"955-555-0131"|"North America"|"Back River"|"Maryland"|"Back River St Shopping mall"|"Back River St Shopping mall"|""|33|560|2009-06-17 00:00:00.000|"United States"
192|"Store"|"Contoso Baltimore Store"|"On"|2004-02-18 00:00:00.000||"21201"|"21201"|"508-555-0129"|"North America"|"Baltimore"|"Maryland"|"Pleasant St"|"Pleasant St"|""|17|460|2009-06-17 00:00:00.000|"United States"
167|"Store"|"Contoso Bar Harbor Store"|"On"|2004-02-18 00:00:00.000||"4609"|"4609"|"746-555-0164"|"North America"|"Bar Harbor"|"Maine"|"Ledgelawn Ave"|"Ledgelawn Ave"|""|47|1125|2009-06-17 00:00:00.000|"United States"
137|"Store"|"Contoso Bayonne Store"|"On"|2004-04-17 00:00:00.000||"7002"|"7002"|"500-555-0159"|"North America"|"Bayonne"|"New Jersey"|"E 31st St"|"E 31st St"|""|47|1125|2009-06-17 00:00:00.000|"United States"
37|"Store"|"Contoso Boulder Store"|"On"|2003-03-28 00:00:00.000||"87001"|"87018"|"937-555-0137"|"North America"|"Boulder"|"Colorado"|"Transit Village Broadway"|"Transit Village Broadway"|""|47|1125|2009-06-17 00:00:00.000|"United States"
52|"Store"|"Contoso Burlington Store"|"On"|2004-06-17 00:00:00.000||"54001"|"54012"|"639-555-0164"|"North America"|"Burlington"|"Wisconsin"|"Burlington, WI St shopping mall"|"Burlington, WI St shopping mall"|""|47|1125|2009-06-17 00:00:00.000|"United States"
145|"Store"|"Contoso Cape May Store"|"On"|2004-12-02 00:00:00.000||"8204"|"8204"|"615-555-0110"|"North America"|"Cape May"|"New Jersey"|"Delaware Ave St"|"Delaware Ave St"|""|22|500|2009-06-17 00:00:00.000|"United States"
190|"Store"|"Contoso Charleston Store"|"On"|2004-02-22 00:00:00.000||"29406"|"29406"|"552-555-0111"|"North America"|"Charleston"|"South Carolina"|"Rockingham St Shopping mall"|"Rockingham St Shopping mall"|""|47|1125|2009-06-17 00:00:00.000|"United States"
90|"Store"|"Contoso Dallas Store"|"On"|2008-12-02 00:00:00.000||"75201"|"75202"|"986-555-0177"|"North America"|"Dallas"|"Texas"|"Dallas Citycenter Shopping mall"|"Dallas Citycenter Shopping mall"|""|47|1125|2009-06-17 00:00:00.000|"United States"
35|"Store"|"Contoso Denver No.2 Store"|"On"|2004-10-03 00:00:00.000||"87001"|"87016"|"952-555-0178"|"North America"|"Denver"|"Colorado"|"West Highland Borden Ave"|"West Highland Borden Ave"|""|19|455|2009-06-17 00:00:00.000|"United States"
95|"Store"|"Contoso Desoto Store"|"On"|2003-03-31 00:00:00.000||"75201"|"75207"|"935-555-0116"|"North America"|"Desoto"|"Texas"|"Desoto, TX Shopping mall"|"Desoto, TX Shopping mall"|""|26|680|2009-06-17 00:00:00.000|"United States"
135|"Store"|"Contoso East Orange Store"|"On"|2004-02-15 00:00:00.000||"7017"|"7017"|"935-555-0199"|"North America"|"East Orange"|"New Jersey"|"N Arlington Ave"|"N Arlington Ave"|""|19|455|2009-06-17 00:00:00.000|"United States"
20|"Store"|"Contoso Englewood Store"|"On"|2004-09-29 00:00:00.000||"87001"|"87001"|"435-555-0113"|"North America"|"Englewood"|"Colorado"|"Cherry Hills Village Shopping mall"|"Cherry Hills Village Shopping mall"|""|33|560|2009-06-17 00:00:00.000|"United States"
30|"Store"|"Contoso Fort Collins Store"|"On"|2004-08-21 00:00:00.000||"87001"|"87011"|"656-555-0119"|"North America"|"Fort Collins"|"Colorado"|"Old Town West ST"|"Old Town West ST"|""|22|500|2009-06-17 00:00:00.000|"United States"
155|"Store"|"Contoso Framingham Store"|"On"|2004-03-19 00:00:00.000||"1701"|"1701"|"182-555-0134"|"North America"|"Framingham"|"Massachusetts"|"29 Woodlan St"|"29 Woodlan St"|""|25|700|2009-06-17 00:00:00.000|"United States"
187|"Store"|"Contoso Fredericksburg Store"|"On"|2004-02-19 00:00:00.000||"22401"|"22401"|"319-555-0126"|"North America"|"Fredericksburg"|"Virginia"|"Beverly St Shopping mall"|"Beverly St Shopping mall"|""|26|680|2009-06-17 00:00:00.000|"United States"
55|"Store"|"Contoso Germantown Store"|"On"|2004-09-02 00:00:00.000||"54001"|"54015"|"712-555-0119"|"North America"|"Germantown"|"Maryland"|"Germantown, DEI St Shopping mall"|"Germantown, DEI St Shopping mall"|""|25|700|2009-06-17 00:00:00.000|"United States"
7|"Store"|"Contoso Granger Store"|"On"|2004-06-16 00:00:00.000||"97001"|"97007"|"913-555-0172"|"North America"|"Granger"|"Washington"|"Granger, WA Downtown shopping mall"|"Granger, WA Downtown shopping mall"|""|22|500|2009-06-17 00:00:00.000|"United States"
25|"Store"|"Contoso Greeley  No.1 Store"|"On"|2004-03-16 00:00:00.000||"80631"|"80631"|"332-555-0150"|"North America"|"Greeley"|"Colorado"|" W 29th Street, Greeley CityCenter"|" W 29th Street, Greeley CityCenter"|""|25|700|2009-06-17 00:00:00.000|"United States"
42|"Store"|"Contoso Green Bay Store"|"On"|2003-08-03 00:00:00.000||"54001"|"54002"|"286-555-0189"|"North America"|"Green Bay"|"Wisconsin"|"Green Bay Downtown"|"Green Bay Downtown"|""|19|455|2009-06-17 00:00:00.000|"United States"
140|"Store"|"Contoso Hackensack Store"|"On"|2004-07-20 00:00:00.000||"7601"|"7601"|"352-555-0138"|"North America"|"Hackensack"|"New Jersey"|"237 State St"|"237 State St"|""|25|700|2009-06-17 00:00:00.000|"United States"
172|"Store"|"Contoso Hartford Store"|"On"|2004-01-17 00:00:00.000||"6103"|"6103"|"117-555-0185"|"North America"|"Hartford"|"Connecticut"|"Asylum St Shopping mall"|"Asylum St Shopping mall"|""|26|680|2009-06-17 00:00:00.000|"United States"
92|"Store"|"Contoso Hillsboro Store"|"On"|2003-01-30 00:00:00.000||"75201"|"75204"|"818-555-0128"|"North America"|"Hillsboro"|"Texas"|"Hillsboro, TX Ward"|"Hillsboro, TX Ward"|""|17|460|2009-06-17 00:00:00.000|"United States"
67|"Store"|"Contoso Houston No.2 Store"|"On"|2004-03-11 00:00:00.000||"70001"|"77010"|"434-555-0133"|"North America"|"Houston"|"Texas"|"Texas Houston Ryon St"|"Texas Houston Ryon St"|""|47|1125|2009-06-17 00:00:00.000|"United States"
132|"Store"|"Contoso Jersey City Store"|"On"|2004-11-02 00:00:00.000||"7304"|"7304"|"205-555-0132"|"North America"|"Jersey City"|"New Jersey"|"76 Boyd Ave St"|"76 Boyd Ave St"|""|25|700|2009-06-17 00:00:00.000|"United States"
80|"Store"|"Contoso La Porte Store"|"On"|2004-02-18 00:00:00.000||"70001"|"77025"|"420-555-0173"|"North America"|"La Porte"|"Texas"|"La Porte, TXS Shopping mall"|"La Porte, TXS Shopping mall"|""|26|680|2009-06-17 00:00:00.000|"United States"
27|"Store"|"Contoso Lafayette Store"|"On"|2004-05-18 00:00:00.000||"87001"|"87008"|"113-555-0173"|"North America"|"Lafayette"|"Colorado"|"Lafayette Downtown"|"Lafayette Downtown"|""|19|455|2009-06-17 00:00:00.000|"United States"
152|"Store"|"Contoso Leominster Store"|"On"|2004-02-22 00:00:00.000||"1453"|"1453"|"678-555-0110"|"North America"|"Leominster"|"Massachusetts"|"101 Union St Shopping mall"|"101 Union St Shopping mall"|""|47|1125|2009-06-17 00:00:00.000|"United States"
97|"Store"|"Contoso Lewisville Store"|"On"|2003-04-02 00:00:00.000||"75201"|"75209"|"920-555-0177"|"North America"|"Lewisville"|"Texas"|"Lewisville, Edeg ST Shopping mall"|"Lewisville, Edeg ST Shopping mall"|""|33|560|2009-06-17 00:00:00.000|"United States"
75|"Store"|"Contoso Longview Store"|"On"|2004-02-19 00:00:00.000||"70001"|"77019"|"309-555-0129"|"North America"|"Longview"|"Texas"|"Longview, SDallas St  Shopping mall"|"Longview, SDallas St  Shopping mall"|""|47|1125|2009-06-17 00:00:00.000|"United States"
60|"Store"|"Contoso Madison Store"|"On"|2004-02-28 00:00:00.000||"54001"|"54020"|"499-555-0125"|"North America"|"Madison"|"Wisconsin"|"Dudgeon-Monroe Shopping mall"|"Dudgeon-Monroe Shopping mall"|""|47|1125|2009-06-17 00:00:00.000|"United States"
102|"Store"|"Contoso Miami No.2 Store"|"On"|2003-09-07 00:00:00.000||"33128"|"33136"|"391-555-0138"|"North America"|"Miami"|"Florida"|"NW 8th St"|"NW 8th St"|""|25|700|2009-06-17 00:00:00.000|"United States"
70|"Store"|"Contoso Midland Store"|"On"|2003-09-12 00:00:00.000||"70001"|"77020"|"611-555-0116"|"North America"|"Midland"|"Texas"|"West Way St"|"West Way St"|""|25|700|2009-06-17 00:00:00.000|"United States"
32|"Store"|"Contoso Milliken Store"|"On"|2004-10-23 00:00:00.000||"87001"|"87013"|"523-555-0175"|"North America"|"Milliken"|"Colorado"|"Milliken Downtown"|"Milliken Downtown"|""|25|700|2009-06-17 00:00:00.000|"United States"
47|"Store"|"Contoso Milwaukee No.1 Store"|"On"|2004-01-18 00:00:00.000||"54001"|"54007"|"818-555-0192"|"North America"|"Milwaukee"|"Wisconsin"|"Havenwoods St"|"Havenwoods St"|""|25|700|2009-06-17 00:00:00.000|"United States"
72|"Store"|"Contoso Minden Store"|"On"|2004-11-06 00:00:00.000||"70001"|"77020"|"612-555-0171"|"North America"|"Minden"|"Texas"|"Minden, LA  Downtown"|"Minden, LA  Downtown"|""|26|680|2009-06-17 00:00:00.000|"United States"
142|"Store"|"Contoso Montclair Store"|"On"|2004-09-22 00:00:00.000||"7042"|"7042"|"955-555-0169"|"North America"|"Montclair"|"New Jersey"|"Valley St"|"Valley St"|""|19|455|2009-06-17 00:00:00.000|"United States"
165|"Store"|"Contoso Nantucket Store"|"On"|2004-11-06 00:00:00.000||"2554"|"2554"|"810-555-0178"|"North America"|"Nantucket"|"Massachusetts"|"8 Washington St"|"8 Washington St"|""|19|455|2009-06-17 00:00:00.000|"United States"
227|"Store"|"Contoso Naples Store"|"On"|2004-03-02 00:00:00.000||"20124"|"20124"|"492-555-0174"|"North America"|"Naples"|"Florida"|"Downtown Naples, Florida"|"Downtown Naples, Florida"|""|13|500|2009-06-17 00:00:00.000|"United States"
177|"Store"|"Contoso New Haven Store"|"On"|2004-06-22 00:00:00.000||"6511"|"6511"|"118-555-0177"|"North America"|"New Haven"|"Connecticut"|"Lynwood PI Downtown"|"Lynwood PI Downtown"|""|17|462|2009-06-17 00:00:00.000|"United States"
115|"Store"|"Contoso New York No.1 Store"|"On"|2004-03-01 00:00:00.000||"10018"|"10018"|"571-555-0179"|"North America"|"New York"|"New York"|"W 40th St"|"W 40th St"|""|22|500|2009-06-17 00:00:00.000|"United States"
117|"Store"|"Contoso New York No.2 Store"|"On"|2005-05-15 00:00:00.000||"10018"|"10018"|"540-555-0191"|"North America"|"New York"|"New York"|"Kips Bay St"|"Kips Bay St"|""|25|700|2009-06-17 00:00:00.000|"United States"
130|"Store"|"Contoso Newark No.1 Store"|"On"|2004-08-28 00:00:00.000||"7102"|"7102"|"119-555-0192"|"North America"|"Newark"|"New Jersey"|"Halsey St"|"Halsey St"|""|22|500|2009-06-17 00:00:00.000|"United States"
180|"Store"|"Contoso Norfolk Store"|"On"|2004-08-25 00:00:00.000||"23504"|"23504"|"712-555-0170"|"North America"|"Norfolk"|"Virginia"|"Wide St Shopping mall"|"Wide St Shopping mall"|""|26|680|2009-06-17 00:00:00.000|"United States"
160|"Store"|"Contoso Northampton Store"|"On"|2004-08-24 00:00:00.000||"1062"|"1062"|"806-555-0136"|"North America"|"Northampton"|"Massachusetts"|"Florence Rd Shopping mall"|"Florence Rd Shopping mall"|""|47|1125|2009-06-17 00:00:00.000|"United States"
175|"Store"|"Contoso Old Saybrook Store"|"On"|2004-04-20 00:00:00.000||"6475"|"6475"|"100-555-0174"|"North America"|"Old Saybrook"|"Connecticut"|"18 W King Rd"|"18 W King Rd"|""|47|1125|2009-06-17 00:00:00.000|"United States"
77|"Store"|"Contoso Orange Store"|"On"|2004-02-21 00:00:00.000||"70001"|"77019"|"999-555-0155"|"North America"|"Orange"|"Texas"|"Orange Citycenter Shopping mall"|"Orange Citycenter Shopping mall"|""|17|462|2009-06-17 00:00:00.000|"United States"
110|"Store"|"Contoso Orlando Store"|"On"|2003-02-15 00:00:00.000||"32803"|"32803"|"476-555-0119"|"North America"|"Orlando"|"Florida"|"1400-1598 FL-50 St"|"1400-1598 FL-50 St"|""|25|700|2009-06-17 00:00:00.000|"United States"
170|"Store"|"Contoso Orono Store"|"On"|2004-02-21 00:00:00.000||"4473"|"4473"|"309-555-0170"|"North America"|"Orono"|"Maine"|"Pleasant St"|"Pleasant St"|""|25|700|2009-06-17 00:00:00.000|"United States"
45|"Store"|"Contoso Oshkosh Store"|"On"|2007-11-06 00:00:00.000||"54001"|"54005"|"786-555-0144"|"North America"|"Oshkosh"|"Wisconsin"|"Oshkosh, WI Broadway"|"Oshkosh, WI Broadway"|""|22|500|2009-06-17 00:00:00.000|"United States"
122|"Store"|"Contoso Oswego Store"|"On"|2004-10-20 00:00:00.000||"13126"|"13126"|"785-555-0110"|"North America"|"Oswego"|"New York"|"East River St"|"East River St"|""|22|500|2009-06-17 00:00:00.000|"United States"
100|"Store"|"Contoso Plano Store"|"On"|2003-07-05 00:00:00.000||"75201"|"75212"|"148-555-0145"|"North America"|"Plano"|"Texas"|"City North St"|"City North St"|""|17|462|2009-06-17 00:00:00.000|"United States"
120|"Store"|"Contoso Plattsburgh Store"|"On"|2004-08-18 00:00:00.000||"12901"|"12901"|"727-555-0112"|"North America"|"Plattsburgh"|"New York"|"Brinkerhoff St"|"Brinkerhoff St"|""|33|560|2009-06-17 00:00:00.000|"United States"
127|"Store"|"Contoso Poestenkill Store"|"On"|2004-01-25 00:00:00.000||"12140"|"12140"|"712-555-0113"|"North America"|"Poestenkill"|"New York"|"Rensselaer County St"|"Rensselaer County St"|""|19|455|2009-06-17 00:00:00.000|"United States"
57|"Store"|"Contoso Port Washington Store"|"On"|2004-11-25 00:00:00.000||"54001"|"54017"|"910-555-0116"|"North America"|"Port Washington"|"Wisconsin"|"Port Washington, WIMI St Shopping mall"|"Port Washington, WIMI St Shopping mall"|""|26|680|2009-06-17 00:00:00.000|"United States"
195|"Store"|"Contoso Queen Anne's County Store"|"On"|2004-05-21 00:00:00.000||"21617"|"21617"|"106-555-0120"|"North America"|"Queen Anne's County"|"Maryland"|"Tilghman Neck St Shopping mall"|"Tilghman Neck St Shopping mall"|""|26|680|2009-06-17 00:00:00.000|"United States"
125|"Store"|"Contoso Queens Store"|"On"|2006-01-23 00:00:00.000||"11432"|"11432"|"150-555-0194"|"North America"|"Queens"|"New York"|"St Johns Downtown"|"St Johns Downtown"|""|25|700|2009-06-17 00:00:00.000|"United States"
65|"Store"|"Contoso Racine No.2 Store"|"On"|2009-07-02 00:00:00.000||"54025"|"54025"|"518-555-0199"|"North America"|"Racine"|"Wisconsin"|"Racine, Big Shopping mall"|"Racine, Big Shopping mall"|""|19|455|2009-06-17 00:00:00.000|"United States"
185|"Store"|"Contoso Roanoke Store"|"On"|2004-10-17 00:00:00.000||"24011"|"24011"|"559-555-0175"|"North America"|"Roanoke"|"Virginia"|"Salem Ave SE StShopping mall"|"Salem Ave SE StShopping mall"|""|17|462|2009-06-17 00:00:00.000|"United States"
87|"Store"|"Contoso San Antonio Store"|"On"|2004-08-25 00:00:00.000||"70001"|"77023"|"970-555-0118"|"North America"|"San Antonio"|"Texas"|"City North Region Downtown"|"City North Region Downtown"|""|26|680|2009-06-17 00:00:00.000|"United States"
107|"Store"|"Contoso Sebring Store"|"On"|2003-02-12 00:00:00.000||"33870"|"33871"|"166-555-0159"|"North America"|"Sebring"|"Florida"|"601-669 N Ping St"|"601-669 N Ping St"|""|22|500|2009-06-17 00:00:00.000|"United States"
157|"Store"|"Contoso Somerville Store"|"On"|2004-05-21 00:00:00.000||"2145"|"2145"|"587-555-0114"|"North America"|"Somerville"|"Massachusetts"|"Pembroke St"|"Pembroke St"|""|26|680|2009-06-17 00:00:00.000|"United States"
85|"Store"|"Contoso Spring Store"|"On"|2004-07-23 00:00:00.000||"70001"|"77004"|"153-555-0186"|"North America"|"Spring"|"Texas"|"Arthur Bayer Park St"|"Arthur Bayer Park St"|""|17|462|2009-06-17 00:00:00.000|"United States"
105|"Store"|"Contoso Tallahassee No.2 Store"|"On"|2003-11-29 00:00:00.000||"32301"|"32303"|"768-555-0123"|"North America"|"Tallahassee"|"Florida"|"Thomasville Rd"|"Thomasville Rd"|""|33|560|2009-06-17 00:00:00.000|"United States"
82|"Store"|"Contoso Texas City Store"|"On"|2004-04-20 00:00:00.000||"70001"|"77002"|"815-555-0138"|"North America"|"Texas City"|"Texas"|"Texas City, TX St Shopping mall"|"Texas City, TX St Shopping mall"|""|33|560|2009-06-17 00:00:00.000|"United States"
10|"Store"|"Contoso Wapato Store"|"On"|2004-09-19 00:00:00.000||"97001"|"97010"|"145-555-0130"|"North America"|"Wapato"|"Washington"|"Wapato, Citycenter"|"Wapato, Citycenter"|""|25|700|2009-06-17 00:00:00.000|"United States"
50|"Store"|"Contoso Waukesha No.1 Store"|"On"|2004-04-19 00:00:00.000||"54001"|"54010"|"299-555-0113"|"North America"|"Waukesha"|"Wisconsin"|"Waukesha,  Water St"|"Waukesha,  Water St"|""|19|455|2009-06-17 00:00:00.000|"United States"
182|"Store"|"Contoso Winchester Store"|"On"|2004-11-27 00:00:00.000||"22601"|"22601"|"654-555-0177"|"North America"|"Winchester"|"Virginia"|"Handley St Shopping mall"|"Handley St Shopping mall"|""|33|560|2009-06-17 00:00:00.000|"United States"
147|"Store"|"Contoso Worcester No.1 Store"|"On"|2004-10-17 00:00:00.000||"1608"|"1608"|"441-555-0195"|"North America"|"Worcester"|"Massachusetts"|"99 Central St"|"99 Central St"|""|25|700|2009-06-17 00:00:00.000|"United States"
200|"Catalog"|"Contoso Catalog Store"|"On"|2004-10-26 00:00:00.000||"21234"|"21234"|"278-555-0118"|"North America"|"North Harford"|"Maryland"|"North Harford St Shopping mall"|"North Harford St Shopping mall"|""|120|462|2009-06-17 00:00:00.000|"United States"
199|"Online"|"Contoso North America Online Store"|"On"|2004-08-25 00:00:00.000||"20817"|"20817"|"450-555-0152"|"North America"|"Bethesda"|"Maryland"|"Marbury St Shopping mall"|"Marbury St Shopping mall"|""|325|500|2009-06-16 00:00:00.000|"United States"
4|"Store"|"Contoso Bellevue Store"|"On"|2004-03-01 00:00:00.000||"97001"|"97004"|"612-555-0100"|"North America"|"Bellevue"|"Washington"|"West Lake Hills shopping mall"|"West Lake Hills shopping mall"|""|19|455|2009-06-16 00:00:00.000|"United States"
6|"Store"|"Contoso Yakima Store"|"On"|2005-05-15 00:00:00.000||"97001"|"97006"|"168-555-0183"|"North America"|"Yakima"|"Washington"|"Yakima, shopping mall"|"Yakima, shopping mall"|""|47|1125|2009-06-16 00:00:00.000|"United States"
79|"Store"|"Contoso Baytown Store"|"On"|2004-01-17 00:00:00.000||"70001"|"77005"|"119-555-0117"|"North America"|"Baytown"|"Texas"|"Baytown, TX St Shopping mall"|"Baytown, TX St Shopping mall"|""|26|680|2009-06-16 00:00:00.000|"United States"
16|"Store"|"Contoso Everett Store"|"On"|2004-01-25 00:00:00.000||"97001"|"97016"|"508-555-0165"|"North America"|"Everett"|"Washington"|"Riverside  Ave Shopping mall"|"Riverside  Ave"|""|17|462|2009-06-16 00:00:00.000|"United States"
1|"Store"|"Contoso Seattle No.1 Store"|"On"|2004-04-12 00:00:00.000||"97001"|"97001"|"320-555-0195"|"North America"|"Seattle"|"Washington"|"East Queen Anne Big shopping mall"|"East Queen Anne Big shopping mall"|""|17|462|2009-06-16 00:00:00.000|"United States"
114|"Store"|"Contoso Albany Store"|"On"|2004-02-12 00:00:00.000||"12207"|"12207"|"697-555-0142"|"North America"|"Albany"|"New York"|"N Pine St"|"N Pine St"|""|47|1125|2009-06-16 00:00:00.000|"United States"
191|"Store"|"Contoso Annapolis Store"|"On"|2004-01-17 00:00:00.000||"21401"|"21401"|"908-555-0159"|"North America"|"Annapolis"|"Maryland"|"Cherry Grove Ave Shopping mall"|"Cherry Grove Ave Shopping mall"|""|22|500|2009-06-16 00:00:00.000|"United States"
141|"Store"|"Contoso Atlantic City Store"|"On"|2004-08-21 00:00:00.000||"8401"|"8401"|"446-555-0118"|"North America"|"Atlantic City"|"New Jersey"|"Pacific Ave"|"Pacific Ave"|""|26|680|2009-06-16 00:00:00.000|"United States"
86|"Store"|"Contoso Austin Store"|"On"|2004-08-24 00:00:00.000||"70001"|"77004"|"172-555-0130"|"North America"|"Austin"|"Texas"|"Central East Austin St"|"Central East Austin St"|""|25|700|2009-06-16 00:00:00.000|"United States"
81|"Store"|"Contoso Bacliff Store"|"On"|2004-03-19 00:00:00.000||"70001"|"77002"|"143-555-0173"|"North America"|"Bacliff"|"Texas"|"Bacliff Downtown Shopping mall"|"Bacliff Downtown Shopping mall"|""|19|455|2009-06-16 00:00:00.000|"United States"
166|"Store"|"Contoso Bangor Store"|"On"|2004-10-17 00:00:00.000||"4401"|"4401"|"201-555-0163"|"North America"|"Bangor"|"Maine"|"Woodland Dr St Shopping mall"|"Woodland Dr St Shopping mall"|""|33|560|2009-06-16 00:00:00.000|"United States"
76|"Store"|"Contoso Beaumont No.1 Store"|"On"|2004-02-20 00:00:00.000||"70001"|"77019"|"896-555-0168"|"North America"|"Beaumont"|"Texas"|"Beaumont, Tt Shopping mall"|"Beaumont, Tt Shopping mall"|""|22|500|2009-06-16 00:00:00.000|"United States"
146|"Store"|"Contoso Boston Store"|"On"|2004-11-06 00:00:00.000||"2210"|"2210"|"615-555-0110"|"North America"|"Boston"|"Massachusetts"|"Channel Center St"|"Channel Center St"|""|17|460|2009-06-16 00:00:00.000|"United States"
121|"Store"|"Contoso Brooklyn Store"|"On"|2004-09-19 00:00:00.000||"11238"|"11238"|"158-555-0191"|"North America"|"Brooklyn"|"New York"|"Flatbush Ave St"|"Flatbush Ave St"|""|47|1125|2009-06-16 00:00:00.000|"United States"
186|"Store"|"Contoso Charlottesville Store"|"On"|2004-02-18 00:00:00.000||"22903"|"22903"|"751-555-0134"|"North America"|"Charlottesville"|"Virginia"|"Grady Ave StShopping mall"|"Grady Ave StShopping mall"|""|25|700|2009-06-16 00:00:00.000|"United States"
11|"Store"|"Contoso Cle Elum Store"|"On"|2004-10-20 00:00:00.000||"97001"|"97011"|"849-555-0139"|"North America"|"Cle Elum"|"Washington"|"Cle Elum, Citycenter"|"Cle Elum, Citycenter"|""|26|680|2009-06-16 00:00:00.000|"United States"
134|"Store"|"Contoso Clifton Store"|"On"|2004-01-24 00:00:00.000||"7013"|"7013"|"417-555-0154"|"North America"|"Clifton"|"New Jersey"|"Kowal Downtown"|"Kowal Downtown"|""|26|680|2009-06-16 00:00:00.000|"United States"
176|"Store"|"Contoso Darien Store"|"On"|2004-05-21 00:00:00.000||"6820"|"6820"|"438-555-0172"|"North America"|"Darien"|"Connecticut"|"Lakeside Ave Shopping mall"|"Lakeside Ave Shopping mall"|""|22|500|2009-06-16 00:00:00.000|"United States"
34|"Store"|"Contoso Denver No.1 Store"|"On"|2004-12-02 00:00:00.000||"87001"|"87015"|"609-555-0179"|"North America"|"Denver"|"Colorado"|"Coors Field 17th St"|"Coors Field 17th St"|""|26|680|2009-06-16 00:00:00.000|"United States"
36|"Store"|"Contoso Denver No.3 Store"|"On"|2003-06-27 00:00:00.000||"87001"|"87017"|"943-555-0196"|"North America"|"Denver"|"Colorado"|"Wellshire St"|"Wellshire St"|""|33|560|2009-06-16 00:00:00.000|"United States"
126|"Store"|"Contoso Elmira Store"|"On"|2004-02-24 00:00:00.000||"14901"|"14901"|"139-555-0120"|"North America"|"Elmira"|"New York"|"Columbia St"|"Columbia St"|""|26|680|2009-06-16 00:00:00.000|"United States"
14|"Store"|"Contoso Fall City Store"|"On"|2006-01-23 00:00:00.000||"97001"|"97014"|"819-555-0175"|"North America"|"Fall City"|"Washington"|"Fall City, Citycenter"|"Fall City, Citycenter"|""|47|1125|2009-06-16 00:00:00.000|"United States"
46|"Store"|"Contoso Fond du Lac Store"|"On"|2007-12-07 00:00:00.000||"54001"|"54006"|"992-555-0194"|"North America"|"Fond du Lac"|"Wisconsin"|"Fond du Lac Shopping mall"|"Fond du Lac Shopping mall"|""|17|460|2009-06-16 00:00:00.000|"United States"
64|"Store"|"Contoso Fort Atkinson Store"|"On"|2004-06-01 00:00:00.000||"54001"|"54024"|"688-555-0192"|"North America"|"Fort Atkinson"|"Wisconsin"|"Fort Atkinson Citycenter"|"Fort Atkinson Citycenter"|""|26|680|2009-06-16 00:00:00.000|"United States"
109|"Store"|"Contoso Fort Lauderdale Store"|"On"|2003-02-14 00:00:00.000||"33304"|"33304"|"582-555-0178"|"North America"|"Fort Lauderdale"|"Florida"|"G Harold Martin Downtown"|"G Harold Martin Downtown"|""|25|700|2009-06-16 00:00:00.000|"United States"
99|"Store"|"Contoso Fort Worth Store"|"On"|2003-06-04 00:00:00.000||"75201"|"75211"|"148-555-0145"|"North America"|"Fort Worth"|"Texas"|"Amon Carter Museum St"|"Amon Carter Museum St"|""|22|500|2009-06-16 00:00:00.000|"United States"
91|"Store"|"Contoso Georgetown Store"|"On"|2003-01-29 00:00:00.000||"75201"|"75203"|"777-555-0141"|"North America"|"Georgetown"|"Texas"|"Georgetown St"|"Georgetown St"|""|22|500|2009-06-16 00:00:00.000|"United States"
94|"Store"|"Contoso Grand Prairie Store"|"On"|2003-02-03 00:00:00.000||"75201"|"75206"|"845-555-0184"|"North America"|"Grand Prairie"|"Texas"|"Grand Prairie, TX  Downtown"|"Grand Prairie, TX  Downtown"|""|25|700|2009-06-16 00:00:00.000|"United States"
31|"Store"|"Contoso Greeley No.2 Store"|"On"|2004-09-22 00:00:00.000||"80631"|"80631"|"138-555-0128"|"North America"|"Greeley"|"Colorado"|"Greeley  Downtown Shopping mall"|"Greeley  Downtown Shopping mall"|""|17|462|2009-06-16 00:00:00.000|"United States"
189|"Store"|"Contoso Greenville Store"|"On"|2004-02-21 00:00:00.000||"29601"|"29601"|"517-555-0122"|"North America"|"Greenville"|"South Carolina"|"Lavinia St Shopping mall"|"Lavinia St Shopping mall"|""|33|560|2009-06-16 00:00:00.000|"United States"
161|"Store"|"Contoso Holyoke Store"|"On"|2004-08-25 00:00:00.000||"1040"|"1040"|"819-555-0198"|"North America"|"Holyoke"|"Massachusetts"|"Old Jarvis Ave"|"Old Jarvis Ave"|""|22|500|2009-06-16 00:00:00.000|"United States"
66|"Store"|"Contoso Houston No.1 Store"|"On"|2004-08-03 00:00:00.000||"70001"|"77009"|"901-555-0125"|"North America"|"Houston"|"Texas"|"Texas Houston Freeman St"|"Texas Houston Freeman St"|""|33|560|2009-06-16 00:00:00.000|"United States"
69|"Store"|"Contoso Houston No.4 Store"|"On"|2004-08-03 00:00:00.000||"70001"|"77020"|"623-555-0155"|"North America"|"Houston"|"Texas"|"Texas Houston Sakowitz St"|"Texas Houston Sakowitz St"|""|17|460|2009-06-16 00:00:00.000|"United States"
169|"Store"|"Contoso Lewiston Store"|"On"|2004-02-20 00:00:00.000||"4240"|"4240"|"140-555-0132"|"North America"|"Lewiston"|"Maine"|"50 Kevin St"|"50 Kevin St"|""|17|460|2009-06-16 00:00:00.000|"United States"
39|"Store"|"Contoso Littleton Store"|"On"|2003-05-30 00:00:00.000||"87001"|"87020"|"963-555-0134"|"North America"|"Littleton"|"Colorado"|"Littleton, Citycenter"|"Littleton, Citycenter"|""|17|462|2009-06-16 00:00:00.000|"United States"
26|"Store"|"Contoso Loveland Store"|"On"|2004-04-17 00:00:00.000||"87001"|"87007"|"166-555-0162"|"North America"|"Loveland"|"Colorado"|"Loveland Downtown"|"Loveland Downtown"|""|26|680|2009-06-16 00:00:00.000|"United States"
151|"Store"|"Contoso Lowell Store"|"On"|2004-02-21 00:00:00.000||"1852"|"1852"|"181-555-0124"|"North America"|"Lowell"|"Massachusetts"|"Gorham Citycenter"|"Gorham Citycenter"|""|33|560|2009-06-16 00:00:00.000|"United States"
159|"Store"|"Contoso Lynn Store"|"On"|2004-07-23 00:00:00.000||"1904"|"1904"|"869-555-0119"|"North America"|"Lynn"|"Massachusetts"|"Congress Rd"|"Congress Rd"|""|33|560|2009-06-16 00:00:00.000|"United States"
59|"Store"|"Contoso Manitowoc Store"|"On"|2004-04-27 00:00:00.000||"54001"|"54019"|"714-555-0138"|"North America"|"Manitowoc"|"Wisconsin"|"Manitowoc, DAWI St Shopping mall"|"Manitowoc, DAWI St Shopping mall"|""|33|560|2009-06-16 00:00:00.000|"United States"
74|"Store"|"Contoso Marshall Store"|"On"|2004-02-18 00:00:00.000||"70001"|"77003"|"248-555-0134"|"North America"|"Marshall"|"Texas"|"Marshall, TX Shopping mall"|"Marshall, TX Shopping mall"|""|33|560|2009-06-16 00:00:00.000|"United States"
44|"Store"|"Contoso Menasha Store"|"On"|2003-10-05 00:00:00.000||"54001"|"54004"|"685-555-0120"|"North America"|"Menasha"|"Wisconsin"|"Menasha, WI Shopping mall"|"Menasha, WI Shopping mall"|""|47|1125|2009-06-16 00:00:00.000|"United States"
101|"Store"|"Contoso Miami No.1 Store"|"On"|2003-08-06 00:00:00.000||"33128"|"33130"|"199-555-0117"|"North America"|"Miami"|"Florida"|"FLW Flagler St"|"FLW Flagler St"|""|17|462|2009-06-16 00:00:00.000|"United States"
49|"Store"|"Contoso Milwaukee No.3 Store"|"On"|2004-04-02 00:00:00.000||"54001"|"54009"|"778-555-0141"|"North America"|"Milwaukee"|"Wisconsin"|"Lincoln Village St"|"Lincoln Village St"|""|26|680|2009-06-16 00:00:00.000|"United States"
144|"Store"|"Contoso Morristown Store"|"On"|2004-11-24 00:00:00.000||"7960"|"7960"|"646-555-0185"|"North America"|"Morristown"|"New Jersey"|"Washington St"|"Washington St"|""|47|1125|2009-06-16 00:00:00.000|"United States"
149|"Store"|"Contoso New Bedford Store"|"On"|2004-02-19 00:00:00.000||"2740"|"2740"|"965-555-0155"|"North America"|"New Bedford"|"Massachusetts"|"Palmer CityCenter"|"Palmer CityCenter"|""|26|680|2009-06-16 00:00:00.000|"United States"
139|"Store"|"Contoso New Brunswick Store"|"On"|2004-06-19 00:00:00.000||"8901"|"8901"|"533-555-0111"|"North America"|"New Brunswick"|"New Jersey"|"Suydam St"|"Suydam St"|""|17|462|2009-06-16 00:00:00.000|"United States"
24|"Store"|"Contoso New Castle Store"|"On"|2004-02-15 00:00:00.000||"87001"|"87005"|"413-555-0136"|"North America"|"New Castle"|"Colorado"|"New Castle CityCenter"|"New Castle CityCenter"|""|25|700|2009-06-16 00:00:00.000|"United States"
179|"Store"|"Contoso New London Store"|"On"|2004-08-24 00:00:00.000||"6320"|"6320"|"156-555-0199"|"North America"|"New London"|"Connecticut"|"Jefferson Ave"|"Jefferson Ave"|""|26|680|2009-06-16 00:00:00.000|"United States"
131|"Store"|"Contoso Newark No.2 Store"|"On"|2004-09-29 00:00:00.000||"7102"|"7102"|"200-555-0112"|"North America"|"Newark"|"New Jersey"|"Edison PI St"|"Edison PI St"|""|17|462|2009-06-16 00:00:00.000|"United States"
61|"Store"|"Contoso Oregon Store"|"On"|2004-03-29 00:00:00.000||"54001"|"54021"|"932-555-0161"|"North America"|"Oregon"|"Wisconsin"|"Oregon, EQI St  Shopping mall"|"Oregon, EQI St  Shopping mall"|""|22|500|2009-06-16 00:00:00.000|"United States"
41|"Store"|"Contoso Parker Store"|"On"|2004-07-02 00:00:00.000||"54001"|"54001"|"218-555-0126"|"North America"|"Parker"|"Colorado"|"Parker, CO  Shopping mall"|"Parker, CO  Shopping mall"|""|26|680|2009-06-16 00:00:00.000|"United States"
196|"Store"|"Contoso Parkville Store"|"On"|2004-06-22 00:00:00.000||"21234"|"21234"|"949-555-0174"|"North America"|"Parkville"|"Maryland"|"Parkville St Shopping mall"|"Parkville St Shopping mall"|""|19|455|2009-06-16 00:00:00.000|"United States"
136|"Store"|"Contoso Passaic Store"|"On"|2004-03-16 00:00:00.000||"7055"|"7055"|"180-555-0136"|"North America"|"Passaic"|"New Jersey"|"190 Paulison Ave"|"190 Paulison Ave"|""|33|560|2009-06-16 00:00:00.000|"United States"
164|"Store"|"Contoso Provincetown Store"|"On"|2004-12-02 00:00:00.000||"2657"|"2657"|"181-555-0156"|"North America"|"Provincetown"|"Massachusetts"|"Alden St"|"Alden St"|""|26|680|2009-06-16 00:00:00.000|"United States"
154|"Store"|"Contoso Quincy Store"|"On"|2004-02-18 00:00:00.000||"2169"|"2169"|"870-555-0122"|"North America"|"Quincy"|"Massachusetts"|"Thomas E Burgin St"|"Thomas E Burgin St"|""|17|462|2009-06-16 00:00:00.000|"United States"
51|"Store"|"Contoso Racine No.1 Store"|"On"|2004-05-15 00:00:00.000||"54001"|"54001"|"846-555-0157"|"North America"|"Racine"|"Wisconsin"|"Racine shopping mall"|"Racine shopping mall"|""|33|560|2009-06-16 00:00:00.000|"United States"
96|"Store"|"Contoso Richardson Store"|"On"|2003-02-01 00:00:00.000||"75201"|"75208"|"208-555-0114"|"North America"|"Richardson"|"Texas"|"Richardson Downtown Shopping mall"|"Richardson Downtown Shopping mall"|""|19|455|2009-06-16 00:00:00.000|"United States"
194|"Store"|"Contoso Ridgely Store"|"On"|2004-04-20 00:00:00.000||"21660"|"21660"|"310-555-0133"|"North America"|"Ridgely"|"Maryland"|"Deerfield St"|"Deerfield St"|""|25|700|2009-06-16 00:00:00.000|"United States"
116|"Store"|"Contoso Rochester No.1 Store"|"On"|2004-04-02 00:00:00.000||"14608"|"14608"|"147-555-0179"|"North America"|"Rochester"|"New York"|"Madison St"|"Madison St"|""|17|462|2009-06-16 00:00:00.000|"United States"
124|"Store"|"Contoso Rochester No.2 Store"|"On"|2004-12-22 00:00:00.000||"14608"|"14608"|"510-555-0121"|"North America"|"Rochester"|"New York"|"Canal St"|"Canal St"|""|25|700|2009-06-16 00:00:00.000|"United States"
89|"Store"|"Contoso Round Rock Store"|"On"|2004-11-27 00:00:00.000||"70001"|"77009"|"373-555-0142"|"North America"|"Round Rock"|"Texas"|"Egger Acres St"|"Egger Acres St"|""|33|560|2009-06-16 00:00:00.000|"United States"
71|"Store"|"Contoso Russellville Store"|"On"|2007-11-05 00:00:00.000||"70001"|"77020"|"793-555-0179"|"North America"|"Russellville"|"Texas"|"Russellville, AR St"|"Russellville, AR St"|""|25|700|2009-06-16 00:00:00.000|"United States"
171|"Store"|"Contoso South Portland Store"|"On"|2004-02-22 00:00:00.000||"4106"|"4106"|"990-555-0172"|"North America"|"South Portland"|"Maine"|"Robert Mills St"|"Robert Mills St"|""|25|700|2009-06-16 00:00:00.000|"United States"
104|"Store"|"Contoso Tallahassee No.1 Store"|"On"|2003-11-09 00:00:00.000||"32301"|"32301"|"200-555-0117"|"North America"|"Tallahassee"|"Florida"|"Woodland Drives St"|"Woodland Drives St"|""|19|455|2009-06-16 00:00:00.000|"United States"
111|"Store"|"Contoso Tampa Store"|"On"|2003-02-16 00:00:00.000||"33605"|"33605"|"531-555-0183"|"North America"|"Tampa"|"Florida"|"E Columbus Downtown"|"E Columbus Downtown"|""|26|680|2009-06-16 00:00:00.000|"United States"
9|"Store"|"Contoso Toppenish Store"|"On"|2004-08-18 00:00:00.000||"97001"|"97009"|"903-555-0145"|"North America"|"Toppenish"|"Washington"|"Toppenish, Citycenter"|"Toppenish, Citycenter"|""|25|700|2009-06-16 00:00:00.000|"United States"
181|"Store"|"Contoso Virginia Beach Store"|"On"|2004-10-26 00:00:00.000||"23451"|"23451"|"753-555-0129"|"North America"|"Virginia Beach"|"Virginia"|"Atlantic Shopping mall"|"Atlantic Shopping mall"|""|19|455|2009-06-16 00:00:00.000|"United States"
174|"Store"|"Contoso Waterbury Store"|"On"|2004-03-19 00:00:00.000||"6702"|"6702"|"238-555-0116"|"North America"|"Waterbury"|"Connecticut"|"192 Bank St Shopping mall"|"192 Bank St Shopping mall"|""|33|560|2009-06-16 00:00:00.000|"United States"
54|"Store"|"Contoso Waukesha No.2 Store"|"On"|2004-08-20 00:00:00.000||"54014"|"54014"|"669-555-0150"|"North America"|"Waukesha"|"Wisconsin"|"Waukesha, WI 8th Ave"|"Waukesha, WI 8th Ave"|""|17|462|2009-06-16 00:00:00.000|"United States"
21|"Store"|"Contoso Wheat Ridge Store"|"On"|2004-11-02 00:00:00.000||"87001"|"87002"|"202-555-0151"|"North America"|"Wheat Ridge"|"Colorado"|"Wheat Ridge, CityCenter"|"Wheat Ridge, CityCenter"|""|47|1125|2009-06-16 00:00:00.000|"United States"
88|"Store"|"Contoso Cedar Park Store"|"On"|2004-10-26 00:00:00.000||"70001"|"77011"|"577-555-0185"|"North America"|"Cedar Park"|"Texas"|"Cedar Park, TX St"|"Cedar Park, TX St"|""|19|455|2009-06-18 00:00:00.000|"United States"
308|"Reseller"|"Contoso North America Reseller"|"On"|2004-03-08 00:00:00.000||"56535"|"56535"|"55-555-0118"|"North America"|"Seattle"|"Washington"|"Seattle Shopping Mall"|"Seattle Shopping Mall"|""|15|450|2008-06-05 00:00:00.000|"United States"
183|"Store"|"Contoso Anchorage Store"|"On"|2004-12-02 00:00:00.000||""|""|"110-555-0115"|"North America"|"Anchorage"|"Alaska"|"4800 Spenard Road,Shopping mall"|"4800 Spenard Road,Shopping mall"|""|47|1125|2009-06-18 00:00:00.000|"United States"
43|"Store"|"Contoso Appleton Store"|"On"|2003-09-04 00:00:00.000||"54001"|"54003"|"164-555-0164"|"North America"|"Appleton"|"Wisconsin"|"Appleton, WI Newark St"|"Appleton, WI Newark St"|""|33|560|2009-06-18 00:00:00.000|"United States"
93|"Store"|"Contoso Arlington Store"|"On"|2003-08-31 00:00:00.000||"75201"|"75205"|"204-555-0115"|"North America"|"Arlington"|"Texas"|"Central Oaks Shopping mall"|"Central Oaks Shopping mall"|""|25|700|2009-06-18 00:00:00.000|"United States"
78|"Store"|"Contoso Beaumont No.2 Store"|"On"|2004-02-22 00:00:00.000||"70001"|"77046"|"808-555-0172"|"North America"|"Beaumont"|"Texas"|"Beaumont, TX Downtown"|"Beaumont, TX Downtown"|""|25|700|2009-06-18 00:00:00.000|"United States"
33|"Store"|"Contoso Berthoud Store"|"On"|2004-11-24 00:00:00.000||"87001"|"87014"|"668-555-0130"|"North America"|"Berthoud"|"Colorado"|"Berthoud, CO St"|"Berthoud, CO St"|""|26|680|2009-06-18 00:00:00.000|"United States"
173|"Store"|"Contoso Bridgeport Store"|"On"|2004-02-18 00:00:00.000||"6604"|"6604"|"609-555-0153"|"North America"|"Bridgeport"|"Connecticut"|"Center St"|"Center St"|""|19|455|2009-06-18 00:00:00.000|"United States"
113|"Store"|"Contoso Cape Canaveral Store"|"On"|2004-02-14 00:00:00.000||"32920"|"32920"|"260-555-0119"|"North America"|"Cape Canaveral"|"Florida"|"Astronaut Blvd St"|"Astronaut Blvd St"|""|33|560|2009-06-18 00:00:00.000|"United States"
28|"Store"|"Contoso Castle Rock Store"|"On"|2004-06-19 00:00:00.000||"87001"|"87009"|"115-555-0179"|"North America"|"Castle Rock"|"Colorado"|"Castle Rock Downtown"|"Castle Rock Downtown"|""|33|560|2009-06-18 00:00:00.000|"United States"
98|"Store"|"Contoso Denton Store"|"On"|2003-05-03 00:00:00.000||"75201"|"75210"|"913-555-0184"|"North America"|"Denton"|"Texas"|"Denton Citycenter Shopping mall"|"Denton Citycenter Shopping mall"|""|47|1125|2009-06-18 00:00:00.000|"United States"
53|"Store"|"Contoso East Troy Store"|"On"|2004-08-18 00:00:00.000||"54001"|"54013"|"191-555-0112"|"North America"|"East Troy"|"Wisconsin"|"East Troy, DW St Shopping mall"|"East Troy, DW St Shopping mall"|""|22|500|2009-06-18 00:00:00.000|"United States"
63|"Store"|"Contoso Edgerton Store"|"On"|2004-05-31 00:00:00.000||"54001"|"54023"|"679-555-0113"|"North America"|"Edgerton"|"Wisconsin"|"Edgerton, WI Broadway"|"Edgerton, WI Broadway"|""|25|700|2009-06-18 00:00:00.000|"United States"
163|"Store"|"Contoso Falmouth Store"|"On"|2004-11-27 00:00:00.000||"2540"|"2540"|"429-555-0137"|"North America"|"Falmouth"|"Massachusetts"|"Shore Citycenter Shopping mall"|"Shore Citycenter Shopping mall"|""|25|700|2009-06-18 00:00:00.000|"United States"
198|"Store"|"Contoso North Harford Store"|"On"|2004-08-24 00:00:00.000||"20874"|"20874"|"817-555-0186"|"North America"|"Germantown"|"Maryland"|"Wisteria St Shopping mall"|"Wisteria St Shopping mall"|""|47|1125|2009-06-18 00:00:00.000|"United States"
23|"Store"|"Contoso Grand Junction Store"|"On"|2004-01-24 00:00:00.000||"87001"|"87004"|"913-555-0196"|"North America"|"Grand Junction"|"Colorado"|"Grand Junction Downtown"|"Grand Junction Downtown"|""|17|460|2009-06-18 00:00:00.000|"United States"
158|"Store"|"Contoso Haverhill Store"|"On"|2004-06-22 00:00:00.000||"1832"|"1832"|"368-555-0113"|"North America"|"Haverhill"|"Massachusetts"|"Hilldale Ave St"|"Hilldale Ave St"|""|19|455|2009-06-18 00:00:00.000|"United States"
153|"Store"|"Contoso Hingham Store"|"On"|2004-01-17 00:00:00.000||"2043"|"2043"|"696-555-0157"|"North America"|"Hingham"|"Massachusetts"|"Crowes Ln St"|"Crowes Ln St"|""|22|500|2009-06-18 00:00:00.000|"United States"
143|"Store"|"Contoso Hoboken Store"|"On"|2004-10-23 00:00:00.000||"7030"|"7030"|"110-555-0182"|"North America"|"Hoboken"|"New Jersey"|"322 8th St"|"322 8th St"|""|33|560|2009-06-18 00:00:00.000|"United States"
68|"Store"|"Contoso Houston No.3 Store"|"On"|2004-07-02 00:00:00.000||"70001"|"77010"|"226-555-0197"|"North America"|"Houston"|"Texas"|"Texas Houston Brewster St"|"Texas Houston Brewster St"|""|22|500|2009-06-18 00:00:00.000|"United States"
193|"Store"|"Contoso Howard Store"|"On"|2004-03-19 00:00:00.000||"21794"|"21794"|"167-555-0139"|"North America"|"Howard"|"Maryland"|"River Valley Chase St Shopping mall"|"River Valley Chase St Shopping mall"|""|25|700|2009-06-18 00:00:00.000|"United States"
123|"Store"|"Contoso Ithaca Store"|"On"|2004-11-21 00:00:00.000||"14850"|"14850"|"361-555-0180"|"North America"|"Ithaca"|"New York"|"Cascadilla Ave St"|"Cascadilla Ave St"|""|17|460|2009-06-18 00:00:00.000|"United States"
103|"Store"|"Contoso Jacksonville Store"|"On"|2003-10-08 00:00:00.000||"32254"|"32254"|"454-555-0119"|"North America"|"Jacksonville"|"Florida"|"Lackawanna Park St"|"Lackawanna Park St"|""|26|680|2009-06-18 00:00:00.000|"United States"
168|"Store"|"Contoso Kennebunkport Store"|"On"|2004-02-19 00:00:00.000||"4046"|"4046"|"587-555-0115"|"North America"|"Kennebunkport"|"Maine"|"School St"|"School St"|""|22|500|2009-06-18 00:00:00.000|"United States"
3|"Store"|"Contoso Kennewick Store"|"On"|2004-02-12 00:00:00.000||"97001"|"97003"|"212-555-0187"|"North America"|"Kennewick"|"Washington"|"Kennewick,  Downtown"|"Kennewick,  Downtown"|""|26|680|2009-06-18 00:00:00.000|"United States"
108|"Store"|"Contoso Lakeland Store"|"On"|2003-02-13 00:00:00.000||"33815"|"33815"|"477-555-0132"|"North America"|"Lakeland"|"Florida"|"N Missouri Ave"|"N Missouri Ave"|""|17|460|2009-06-18 00:00:00.000|"United States"
178|"Store"|"Contoso Litchfield County Store"|"On"|2004-07-23 00:00:00.000||"6759"|"6759"|"164-555-0114"|"North America"|"Litchfield County"|"Connecticut"|"CTuDED Rd, Litchfield County"|"CTuDED Rd, Litchfield County"|""|25|700|2009-06-18 00:00:00.000|"United States"
188|"Store"|"Contoso Martinsville Store"|"On"|2004-02-20 00:00:00.000||"24112"|"24112"|"809-555-0133"|"North America"|"Martinsville"|"Virginia"|"Monroe St"|"Monroe St"|""|19|455|2009-06-18 00:00:00.000|"United States"
83|"Store"|"Contoso Pasadena Store"|"On"|2004-05-21 00:00:00.000||"70001"|"77003"|"314-555-0113"|"North America"|"Pasadena"|"Texas"|"Pasadena, TX St Shopping mall"|"Pasadena, TX St Shopping mall"|""|47|1125|2009-06-18 00:00:00.000|"United States"
133|"Store"|"Contoso Paterson Store"|"On"|2008-12-03 00:00:00.000||"7505"|"7505"|"653-555-0144"|"North America"|"Paterson"|"New Jersey"|"Federal Plaza St"|"Federal Plaza St"|""|26|680|2009-06-18 00:00:00.000|"United States"
58|"Store"|"Contoso Sheboygan Store"|"On"|2004-12-26 00:00:00.000||"54001"|"54018"|"319-555-0139"|"North America"|"Sheboygan"|"Wisconsin"|"Sheboygan, WIAmsterdam Ave"|"Sheboygan, WIAmsterdam Ave"|""|19|455|2009-06-18 00:00:00.000|"United States"
73|"Store"|"Contoso Shreveport Store"|"On"|2004-10-17 00:00:00.000||"70001"|"77002"|"522-555-0147"|"North America"|"Shreveport"|"Texas"|"Texas Houston 1300 Baker St"|"Texas Houston 1300 Baker St"|""|19|455|2009-06-18 00:00:00.000|"United States"
13|"Store"|"Contoso Snoqualmie Store"|"On"|2004-12-22 00:00:00.000||"97001"|"97013"|"122-555-0189"|"North America"|"Snoqualmie"|"Washington"|"Snoqualmie, Citycenter"|"Snoqualmie, Citycenter"|""|33|560|2009-06-18 00:00:00.000|"United States"
8|"Store"|"Contoso Sunnyside Store"|"On"|2004-07-02 00:00:00.000||"97001"|"97008"|"913-555-0172"|"North America"|"Sunnyside"|"Washington"|"Sunnyside, WA Citycenter"|"Sunnyside, WA Citycenter"|""|17|460|2009-06-18 00:00:00.000|"United States"
118|"Store"|"Contoso Syracuse Store"|"On"|2004-06-16 00:00:00.000||"13203"|"13203"|"234-555-0169"|"North America"|"Syracuse"|"New York"|"520 Pearl St"|"520 Pearl St"|""|26|680|2009-06-18 00:00:00.000|"United States"
38|"Store"|"Contoso Thornton Store"|"On"|2003-04-29 00:00:00.000||"87001"|"87019"|"333-555-0173"|"North America"|"Thornton"|"Colorado"|"Shopping mall, Citycenter"|"Shopping mall, Citycenter"|""|22|500|2009-06-18 00:00:00.000|"United States"
128|"Store"|"Contoso Trenton No.1 Store"|"On"|2004-03-26 00:00:00.000||"8608"|"8608"|"350-555-0167"|"North America"|"Trenton"|"New Jersey"|"241 E State St"|"241 E State St"|""|33|560|2009-06-18 00:00:00.000|"United States"
18|"Store"|"Contoso Veradale Store"|"On"|2004-07-27 00:00:00.000||"97001"|"97018"|"632-555-0129"|"North America"|"Veradale"|"Washington"|"Veradale, Citycenter"|"Veradale, Citycenter"|""|26|680|2009-06-18 00:00:00.000|"United States"
138|"Store"|"Contoso Vineland Store"|"On"|2004-05-18 00:00:00.000||"8360"|"8360"|"984-555-0148"|"North America"|"Vineland"|"New Jersey"|"W Cherry St"|"W Cherry St"|""|22|500|2009-06-18 00:00:00.000|"United States"
184|"Store"|"Contoso Alexandria Store"|"Off"|2004-11-06 00:00:00.000|2009-07-12 00:00:00.000|"22302"|"22302"|"822-555-0145"|"North America"|"Alexandria"|"Virginia"|"Kingsgate St Shopping mall"|"Kingsgate St Shopping mall"|"Relocation"|22|500|2009-06-16 00:00:00.000|"United States"
119|"Store"|"Contoso Buffalo Store"|"Off"|2004-07-02 00:00:00.000|2008-09-22 00:00:00.000|"14203"|"14203"|"185-555-0186"|"North America"|"Buffalo"|"New York"|"Buffalo Citycenter"|"Buffalo Citycenter"|"Store"|19|455|2009-06-16 00:00:00.000|"United States"
19|"Store"|"Contoso Cheney Store"|"Off"|2004-08-28 00:00:00.000|2009-05-12 00:00:00.000|"97001"|"97019"|"328-555-0150"|"North America"|"Cheney"|"Washington"|"Cheney DownTown Shopping mall"|"Cheney DownTown Shopping mall"|"Store"|19|455|2009-06-16 00:00:00.000|"United States"
84|"Store"|"Contoso Humble Store"|"Off"|2004-06-22 00:00:00.000|2009-02-12 00:00:00.000|"70001"|"77004"|"373-555-0137"|"North America"|"Humble"|"Texas"|"Humble, TXd Shopping mall"|"Humble, TXd Shopping mall"|"Relocation"|22|500|2009-06-16 00:00:00.000|"United States"
112|"Store"|"Contoso Key West Store"|"Off"|2004-01-12 00:00:00.000|2009-07-02 00:00:00.000|"33040"|"33040"|"637-555-0120"|"North America"|"Key West"|"Florida"|"N Roosevelt Blvd St"|"N Roosevelt Blvd St"|"Relocation"|19|455|2009-06-17 00:00:00.000|"United States"
48|"Store"|"Contoso Milwaukee No.2 Store"|"Off"|2004-02-09 00:00:00.000|2009-05-12 00:00:00.000|"54001"|"54008"|"399-555-0176"|"North America"|"Milwaukee"|"Wisconsin"|"Riverwest St"|"Riverwest St"|"Relocation"|25|700|2009-06-18 00:00:00.000|"United States"
12|"Store"|"Contoso North Bend Store"|"Off"|2004-11-21 00:00:00.000|2009-04-12 00:00:00.000|"97001"|"97012"|"206-555-0180"|"North America"|"North Bend"|"Washington"|"North Bend, Citycenter"|"North Bend, Citycenter"|"Relocation"|19|455|2009-06-17 00:00:00.000|"United States"
162|"Store"|"Contoso Pittsfield Store"|"Off"|2004-10-26 00:00:00.000|2009-07-12 00:00:00.000|"1201"|"1201"|"173-555-0179"|"North America"|"Pittsfield"|"Massachusetts"|"Columbus Ave"|"Columbus Ave"|"Relocation"|17|462|2009-06-17 00:00:00.000|"United States"
29|"Store"|"Contoso Sedalia Store"|"Off"|2004-07-20 00:00:00.000|2009-07-12 00:00:00.000|"87001"|"87010"|"147-555-0160"|"North America"|"Sedalia"|"Colorado"|"N Plum Ave St"|"N Plum Ave St"|"Relocation"|47|1125|2009-06-16 00:00:00.000|"United States"
62|"Store"|"Contoso Stoughton Store"|"Off"|2004-04-30 00:00:00.000|2009-07-12 00:00:00.000|"54001"|"54022"|"602-555-0194"|"North America"|"Stoughton"|"Wisconsin"|"Stoughton, Citycenter"|"Stoughton, Citycenter"|"Relocation"|17|462|2009-06-17 00:00:00.000|"United States"
129|"Store"|"Contoso Trenton No.2 Store"|"Off"|2004-07-27 00:00:00.000|2008-12-12 00:00:00.000|"8608"|"8608"|"241-555-0191"|"North America"|"Trenton"|"New Jersey"|"202 S Feeder St"|"202 S Feeder St"|"Relocation"|47|1125|2009-06-16 00:00:00.000|"United States"
148|"Store"|"Contoso Worcester No.2 Store"|"Off"|2004-02-18 00:00:00.000|2009-07-12 00:00:00.000|"1608"|"1608"|"118-555-0110"|"North America"|"Worcester"|"Massachusetts"|"Humboldt Ave"|"Humboldt Ave"|"Relocation"|25|700|2009-06-18 00:00:00.000|"United States"
156|"Store"|"Contoso Cambridge Store"|"On"|2004-04-20 00:00:00.000||"2138"|"2138"|"594-555-0110"|"Europe"|"Cambridge"|"England"|"8 Story St  Shopping mall"|"8 Story St  Shopping mall"|""|26|680|2009-06-16 00:00:00.000|"United Kingdom"
214|"Store"|"Contoso Leeds Store"|"On"|2004-06-27 00:00:00.000||""|""|"407-555-0165"|"Europe"|"Leeds"|"England"|"Leeds Citycenter, United Kingdom"|"Leeds Citycenter, United Kingdom"|""|25|680|2009-06-16 00:00:00.000|"United Kingdom"
201|"Store"|"Contoso London Store"|"On"|2004-11-27 00:00:00.000||""|""|"927-555-0168"|"Europe"|"London"|"England"|"London, W1C 1HG, United Kingdom"|"London, W1C 1HG, United Kingdom"|""|17|462|2009-06-16 00:00:00.000|"United Kingdom"
215|"Store"|"Contoso Paris Store"|"On"|2004-03-28 00:00:00.000||"75001"|"75001"|"139-555-0131"|"Europe"|"Paris"|"Seine (Paris)"|"Rue de Rivoli Citycenter  Paris, France"|"Rue de Rivoli Citycenter  Paris, France"|""|12|680|2009-06-17 00:00:00.000|"France"
309|"Reseller"|"Contoso Europe Reseller"|"On"|2004-05-07 00:00:00.000||"535455"|"535455"|"55-555-0119"|"Europe"|"Paris"|"Seine (Paris)"|"France Shopping Mall"|"France Shopping Mall"|""|12|551|2008-06-05 00:00:00.000|"France"
253|"Store"|"Contoso Sydney No.1 Store"|"On"|2005-06-27 00:00:00.000||"2000"|"2000"|"203-555-0196"|"Asia"|"Sydney"|"New South Wales"|"Sydney Citycenter, Australia"|"Sydney Citycenter, Australia"|""|20|480|2009-06-18 00:00:00.000|"Australia"
300|"Store"|"Contoso Sydney  No.2 Store"|"On"|2004-03-18 00:00:00.000||"59000"|"60000"|"1 (11) 500 555-"|"Asia"|"Sydney"|"New South Wales"|" PT St Sydney, Australia"|" PT St Sydney, Australia"|""|95|480|2009-06-18 19:00:00.000|"Australia"
289|"Store"|"Contoso Vancouver  No.1 Store"|"On"|2004-11-25 00:00:00.000||""|""|"664-555-0112"|"North America"|"Vancouver"|"British Columbia"|"Burrard Street, Vancouver, Canada"|"Burrard Street, Vancouver, Canada"|""|95|480|2009-06-18 08:00:00.000|"Canada"
290|"Store"|"Contoso Vancouver  No.2 Store"|"On"|2004-12-26 00:00:00.000||""|""|"340-555-0193"|"North America"|"Vancouver"|"British Columbia"|"Johnston Street, Vancouver, Canada"|"Johnston Street, Vancouver, Canada"|""|95|480|2009-06-18 09:00:00.000|"Canada"
22|"Store"|"Contoso Westminster Store"|"On"|2004-12-03 00:00:00.000||"87001"|"87003"|"925-555-0114"|"North America"|"Westminster"|"British Columbia"|"South Central Shopping mall"|"South Central Shopping mall"|""|22|500|2009-06-17 00:00:00.000|"Canada"
204|"Store"|"Contoso York Store"|"On"|2004-08-27 00:00:00.000||""|""|"848-555-0163"|"Europe"|"York"|"England"|"Spurriergate York, North Yorkshire Citycenter, United Kingdom"|"Spurriergate York, North Yorkshire Citycenter, United Kingdom"|""|78|680|2009-06-16 00:00:00.000|"United Kingdom"
228|"Store"|"Contoso Berlin Store"|"On"|2008-10-09 00:00:00.000||"10178"|"10178"|"730-555-0117"|"Europe"|"Berlin"|"Berlin"|"Downtown Berlin, Germany"|"Downtown Berlin, Germany"|""|13|500|2009-06-18 00:00:00.000|"Germany"
306|"Online"|"Contoso Europe Online Store"|"On"|2004-09-03 00:00:00.000||"10178"|"10178"|"731-555-0117"|"Europe"|"Berlin"|"Berlin"|"Downtown Berlin, Germany"|"Downtown Berlin, Germany"|""|7|1000|2009-06-18 00:00:00.000|"Germany"
291|"Store"|"Contoso Calgary  Store"|"On"|2004-05-27 00:00:00.000||""|""|"330-555-0120"|"North America"|"Calgary"|"Alberta"|"209 4 Avenue Se, Calgary, Canada"|"209 4 Avenue Se, Calgary, Canada"|""|95|480|2009-06-18 10:00:00.000|"Canada"
212|"Store"|"Contoso Liverpool Store"|"On"|2004-03-02 00:00:00.000||""|""|"313-555-0196"|"Europe"|"Liverpool"|"England"|"Leinster Rd Liverpool, Merseyside Citycenter, UK"|"Leinster Rd Liverpool, Merseyside Citycenter, UK"|""|64|680|2009-06-17 00:00:00.000|"United Kingdom"
298|"Store"|"Contoso Ashgabat  No.2 Store"|"On"|2006-11-06 00:00:00.000||"789000"|"789000"|"926-555-0182"|"Asia"|"Ashgabat"|"Ahal Province"|"West Street, Turkmenistan"|"West Street, Turkmenistan"|""|95|480|2009-06-18 17:00:00.000|"Turkmenistan"
264|"Store"|"Contoso Ashgabat No.1 Store"|"On"|2004-01-18 00:00:00.000||"744000"|"744000"|"521-555-0113"|"Asia"|"Ashgabat"|"Ahal Province"|"Gorogly Street, Turkmenistan"|"Gorogly Street, Turkmenistan"|""|68|480|2009-06-16 00:00:00.000|"Turkmenistan"
262|"Store"|"Contoso Bangkok No.1 Store"|"On"|2008-11-06 00:00:00.000||"10110"|"10110"|"961-555-0122"|"Asia"|"Bangkok"|"Krung Thep"|"Bangkok,Citycenter, Thailand"|"Bangkok,Citycenter, Thailand"|""|62|480|2009-06-17 00:00:00.000|"Thailand"
296|"Store"|"Contoso Bangkok No.2 Store"|"On"|2005-06-01 00:00:00.000||"15210"|"15210"|"1 (11) 500 555-"|"Asia"|"Bangkok"|"Krung Thep"|"Bangkok Citycenter, Thailand"|"Bangkok Citycenter, Thailand"|""|95|480|2009-06-18 15:00:00.000|"Thailand"
307|"Online"|"Contoso Asia Online Store"|"On"|2004-10-11 00:00:00.000||"10093"|"10093"|"55-555-0117"|"Asia"|"Beijing"|"Beijing"|"China Beijing Chaoyang distrct Shanlitun Rd"|"China Beijing Chaoyang distrct Shanlitun Rd"|""|8|93800|2009-06-18 00:00:00.000|"China"
310|"Reseller"|"Contoso Asia Reseller"|"On"|2004-07-15 00:00:00.000||"25536"|"25536"|"55-555-0120"|"Asia"|"Beijing"|"Beijing"|"Beijing Shopping Mall"|"Beijing Shopping Mall"|""|17|93800|2008-11-05 00:00:00.000|"China"
279|"Store"|"Contoso Beijing Store"|"On"|2008-07-16 00:00:00.000||"100007"|"100007"|"486-555-0150"|"Asia"|"Beijing"|"Beijing"|"China Beijing Chaoyang distrct Shanlitun Rd"|"China Beijing Chaoyang distrct Shanlitun Rd"|""|86|480|2009-06-17 00:00:00.000|"China"
276|"Store"|"Contoso Bishkek Store"|"On"|2006-08-13 00:00:00.000||"720005"|"720005"|"238-555-0197"|"Asia"|"Bishkek"|"Chuy Province"|"Biskek shopping mall, Chuskaya Oblast Kyrgyzstan"|"Biskek shopping mall, Chuskaya Oblast Kyrgyzstan"|""|50|480|2009-06-16 00:00:00.000|"Kyrgyzstan"
275|"Store"|"Contoso Busan Store"|"On"|2006-07-12 00:00:00.000||""|""|"465-555-0156"|"Asia"|"Busan"|"Yeongnam"|"Korea Citycenter Namchendong, Suyeong-Gu, Busan"|"Korea Citycenter Namchendong, Suyeong-Gu, Busan"|""|50|480|2009-06-18 00:00:00.000|"South Korea"
252|"Store"|"Contoso Canberra Store"|"On"|2005-11-17 00:00:00.000||""|""|"413-555-0124"|"Asia"|"Canberra"|"Molonglo"|"Canberra International shopping mall, Australia"|"Canberra International shopping mall, Australia"|""|28|480|2009-06-17 00:00:00.000|"Australia"
295|"Store"|"Contoso Damascus No.2 Store"|"On"|2004-05-31 00:00:00.000||"36805"|"36805"|"1 (11) 500 555-"|"Asia"|"Damascus"|"Damascus"|"19th Nissan Street, Mezze Damascus, Syria"|"19th Nissan Street, Mezze Damascus, Syria"|""|95|480|2009-06-18 14:00:00.000|"Syria"
261|"Store"|"Contoso Damascus No.1 Store"|"On"|2007-10-05 00:00:00.000||"35005"|"35005"|"582-555-0148"|"Asia"|"Damascus"|"Damascus"|"Nissan Street, Mezze Damascus, Syria"|"Nissan Street, Mezze Damascus, Syria"|""|35|480|2009-06-16 00:00:00.000|"Syria"
280|"Store"|"Contoso Guangzhou Store"|"On"|2009-07-17 00:00:00.000||"510000"|"510000"|"124-555-0114"|"Asia"|"Guangzhou"|"GuangDong"|"China Guangzhou, Guangdong Tianhe Distrct"|"China Guangzhou, Guangdong Tianhe Distrct"|""|131|480|2009-06-18 00:00:00.000|"China"
293|"Store"|"Contoso Hong Kong No.2 Store"|"On"|2007-03-29 00:00:00.000||""|""|"740-555-0182"|"Asia"|"Hong Kong"|"Hong Kong"|"Hong Kong, Kowloon Shopping mall"|"Hong Kong, Kowloon Shopping mall"|""|95|480|2009-06-18 12:00:00.000|"China"
259|"Store"|"Contoso Hong Kong No.1 Store"|"On"|2004-08-03 00:00:00.000||""|""|"500-555-0172"|"Asia"|"Hong Kong"|"Hong Kong"|"Hong Kong,  New Town Plaza"|"Hong Kong,  New Town Plaza"|""|35|480|2009-06-16 00:00:00.000|"China"
265|"Store"|"Contoso Islamabad No.1 Store"|"On"|2004-02-09 00:00:00.000||"10086"|"10086"|"306-555-0186"|"Asia"|"Islamabad"|"Islamabad Capital Territory"|" Islamabad Capital Territory, Pakistan"|" Islamabad Capital Territory, Pakistan"|""|71|480|2009-06-17 00:00:00.000|"Pakistan"
299|"Store"|"Contoso Islamabad  No.2 Store"|"On"|2007-12-07 00:00:00.000||"15890"|"15890"|"1 (11) 500 555-"|"Asia"|"Islamabad"|"Islamabad Capital Territory"|"Citycenter, Islamabad Capital Territory, Pakistan"|"Citycenter, Islamabad Capital Territory, Pakistan"|""|95|480|2009-06-18 18:00:00.000|"Pakistan"
257|"Store"|"Contoso Kolkata Store"|"On"|2005-06-11 00:00:00.000||"700017"|"700017"|"491-555-0183"|"Asia"|"Kolkata"|"West Bengal"|"Citycenter, Kolkata, West Bengal, India"|"Citycenter, Kolkata, West Bengal, India"|""|35|480|2009-06-17 00:00:00.000|"India"
273|"Store"|"Contoso Kyoto Store"|"On"|2009-09-02 00:00:00.000||""|""|"473-555-0117"|"Asia"|"Kyoto"|"Kansai"|"Kyoto centre district"|"Kyoto centre district"|""|50|480|2009-06-16 00:00:00.000|"Japan"
256|"Store"|"Contoso Mumbai Store"|"On"|2004-07-30 00:00:00.000||"201901"|"201901"|"425-555-0117"|"Asia"|"Mumbai"|"Maharashtra"|"Mumbai Citycenter, Maharashtra, India"|"Mumbai Citycenter, Maharashtra, India"|""|35|480|2009-06-16 00:00:00.000|"India"
271|"Store"|"Contoso Nagoya Store"|"On"|2008-08-18 00:00:00.000||"40175"|"40175"|"719-555-0181"|"Asia"|"Nagoya"|"Chubu"|"North district  Nagoya,Japan"|"North district  Nagoya,Japan"|""|50|480|2009-06-16 00:00:00.000|"Japan"
255|"Store"|"Contoso New Delhi Store"|"On"|2004-04-29 00:00:00.000||"110005"|"110005"|"153-555-0166"|"Asia"|"New Delhi"|"National Capital Territory of Delhi"|"Khan Market, New Delhi,  India"|"Khan Market, New Delhi,  India"|""|29|480|2009-06-17 00:00:00.000|"India"
270|"Store"|"Contoso Osaka No.1 Store"|"On"|2005-06-17 00:00:00.000||"39894"|"39894"|"295-555-0161"|"Asia"|"Osaka"|"Kansai"|"Downtown,Osaka, Japan"|"Downtown,Osaka, Japan"|""|80|480|2009-06-18 00:00:00.000|"Japan"
301|"Store"|"Contoso Osaka No.2 Store"|"On"|2007-03-19 00:00:00.000||"89094"|"89094"|"380-558-0193"|"Asia"|"Osaka"|"Kansai"|"Citycenter, BigOne Rd-KuOsakaOsaka, Japan"|"Citycenter, BigOne Rd-KuOsakaOsaka, Japan"|""|95|480|2009-06-18 20:00:00.000|"Japan"
272|"Store"|"Contoso Sapporo Store"|"On"|2007-08-20 00:00:00.000||"39864"|"39864"|"125-555-0196"|"Asia"|"Sapporo"|"Hokkaido"|"sapporo Hokkaido northwest district"|"sapporo Hokkaido northwest district"|""|50|480|2009-06-17 00:00:00.000|"Japan"
274|"Store"|"Contoso Seoul Store"|"On"|2008-10-13 00:00:00.000||"57"|"57"|"370-555-0163"|"Asia"|"Seoul"|"Seoul-jikhalsi"|"Seoul west district"|"Seoul west district"|""|50|480|2009-06-17 00:00:00.000|"South Korea"
277|"Store"|"Contoso Shanghai No.1 Store"|"On"|2004-02-14 00:00:00.000||"201800"|"201800"|"708-555-0141"|"Asia"|"Shanghai"|"Shanghai"|"China Shanghai, Jiading Distrct Yongguang Rd"|"China Shanghai, Jiading Distrct Yongguang Rd"|""|95|480|2009-06-18 00:00:00.000|"China"
281|"Store"|"Contoso Shanghai No.2 Store"|"On"|2004-03-02 00:00:00.000||"201800"|"201800"|"716-555-0127"|"Asia"|"Shanghai"|"Shanghai"|"China Shanghai, Jiading Distrct Yongguang Rd"|"China Shanghai, Jiading Distrct Yongguang Rd"|""|95|480|2009-06-18 00:00:00.000|"China"
251|"Store"|"Contoso Singapore Store"|"On"|2004-04-22 00:00:00.000||"302699"|"302699"|"842-555-0158"|"Asia"|"Singapore"|"Singapore"|"Havelock Road Shopping mall, Singapore"|"Havelock Road Shopping mall, Singapore"|""|27|480|2009-06-16 00:00:00.000|"Singapore"
302|"Store"|"Contoso Taipei  Store"|"On"|2004-07-19 00:00:00.000||"109807"|"109807"|"830-555-0128"|"Asia"|"Taipei"|"Taiwan"|"Leidui Shopping mall, Taipei, Taiwan"|"Leidui Shopping mall, Taipei, Taiwan"|""|95|480|2009-06-18 21:00:00.000|"Taiwan"
260|"Store"|"Contoso Tehran No.1 Store"|"On"|2004-09-04 00:00:00.000||"1698530"|"1698530"|"325-555-0137"|"Asia"|"Tehran"|"Tehran"|"Citycenter, Tehran, Tehran, Iran"|"Citycenter, Tehran, Tehran, Iran"|""|35|480|2009-06-17 00:00:00.000|"Iran"
294|"Store"|"Contoso Tehran No.2 Store"|"On"|2004-04-30 00:00:00.000||"1698556"|"1698565"|"775-555-0164"|"Asia"|"Tehran"|"Tehran"|"Seyfiyeh Davoodiyeh,second street, Tehran, Tehran, Iran"|"Seyfiyeh Davoodiyeh,second street, Tehran, Tehran, Iran"|""|95|480|2009-06-18 13:00:00.000|"Iran"
292|"Store"|"Contoso Thimphu No.2 Store"|"On"|2006-02-28 00:00:00.000||""|""|"185-555-0169"|"Asia"|"Thimphu"|"Thimphu District"|"Clock Tower Shooping mall, Thimphu, Bhutan"|"Clock Tower Shooping mall, Thimphu, Bhutan"|""|95|480|2009-06-18 11:00:00.000|"Bhutan"
258|"Store"|"Contoso Thimphu No.1 Store"|"On"|2009-07-02 00:00:00.000||""|""|"295-555-0161"|"Asia"|"Thimphu"|"Thimphu District"|"Citycenter, Thimphu, Bhutan"|"Citycenter, Thimphu, Bhutan"|""|35|480|2009-06-18 00:00:00.000|"Bhutan"
267|"Store"|"Contoso Tokyo No.1 Store"|"On"|2004-04-02 00:00:00.000||""|""|"539-555-0149"|"Asia"|"Tokyo"|"Kanto"|"Shinjuku, Tokyo Citycenter"|"Shinjuku, Tokyo Citycenter"|""|68|480|2009-06-17 00:00:00.000|"Japan"
268|"Store"|"Contoso Tokyo No.2 Store"|"On"|2006-04-19 00:00:00.000||""|""|"228-555-0159"|"Asia"|"Tokyo"|"Kanto"|"Citycenter, Shinjuku-kuTokyo, Japan"|"Citycenter, Shinjuku-kuTokyo, Japan"|""|68|480|2009-06-18 00:00:00.000|"Japan"
278|"Store"|"Contoso Urumqi Store"|"On"|2005-07-15 00:00:00.000||"830000"|"830000"|"970-555-0138"|"Asia"|"Urumqi"|"Xinjiang"|"Ulaanbaatar, Ulaanbaatar Mongolia"|"Ulaanbaatar, Ulaanbaatar Mongolia"|""|50|480|2009-06-16 00:00:00.000|"China"
254|"Store"|"Contoso Yerevan Store"|"On"|2004-03-28 00:00:00.000||"10"|"10"|"919-555-0140"|"Asia"|"Yerevan"|"Armenia"|"Amiryan Street Yerevan,  Armenia"|"Amiryan Street Yerevan,  Armenia"|""|15|480|2009-06-16 00:00:00.000|"Armenia"
269|"Store"|"Contoso Yokohama Store"|"On"|2004-05-15 00:00:00.000||""|""|"151-555-0113"|"Asia"|"Yokohama"|"Kanto"|"Citycenter, Kanagawa Prefecture Japan"|"Citycenter, Kanagawa Prefecture Japan"|""|77|480|2009-06-17 00:00:00.000|"Japan"
240|"Store"|"Contoso Amsterdam Store"|"On"|2004-03-29 00:00:00.000||""|""|"230-555-0144"|"Europe"|"Amsterdam"|"Noord-Holland"|"Citycenter Shopping mall, Amsterdam (Noord-Holland), Netherlands"|"Citycenter Shopping mall, Amsterdam (Noord-Holland), Netherlands"|""|26|680|2009-06-17 00:00:00.000|"the Netherlands"
250|"Store"|"Contoso Athens Store"|"On"|2004-04-17 00:00:00.000||"10559"|"10559"|"237-555-0128"|"Europe"|"Athens"|"Central Greece and Evvoia"|""|""|""|15|680|2009-06-17 00:00:00.000|"Greece"
209|"Store"|"Contoso Baildon Store"|"On"|2004-09-22 00:00:00.000||""|""|"138-555-0118"|"Europe"|"Baildon"|"England"|"West Ln, Baildon, Shipley Citycenter, United"|"West Ln, Baildon, Shipley Citycenter, United"|""|32|680|2009-06-16 00:00:00.000|"United Kingdom"
236|"Store"|"Contoso Baumholder Store"|"On"|2004-06-25 00:00:00.000||"55774"|"55774"|"733-555-0128"|"Europe"|"Baumholder"|"Rhineland-Palatinate"|"Shopping Mall Baumholder, Germany"|"Shopping Mall Baumholder, Germany"|""|28|500|2009-06-16 00:00:00.000|"Germany"
246|"Store"|"Contoso Berne Store"|"On"|2004-04-20 00:00:00.000||""|""|"590-555-0152"|"Europe"|"Berne"|"Bern"|""|""|""|53|680|2009-06-16 00:00:00.000|"Switzerland"
245|"Store"|"Contoso Bucharest Store"|"On"|2004-05-19 00:00:00.000||"30583"|"30583"|"163-555-0147"|"Europe"|"Bucharest"|"Bucuresti"|"Nan Street Bucharest, Romania"|"Nan Street Bucharest, Romania"|""|25|680|2009-06-17 00:00:00.000|"Romania"
205|"Store"|"Contoso Carlisle Store"|"On"|2004-05-18 00:00:00.000||""|""|"165-555-0113"|"Europe"|"Carlisle"|"England"|"Citycenter  Botchergate Carlisle, UK"|"Citycenter  Botchergate Carlisle, UK"|""|23|680|2009-06-17 00:00:00.000|"United Kingdom"
210|"Store"|"Contoso Cheshire Store"|"On"|2004-04-23 00:00:00.000||""|""|"663-555-0172"|"Europe"|"Cheshire"|"England"|"Market St  Marple, Stockport, Cheshire Citycenter, United Kingdom"|"Market St  Marple, Stockport, Cheshire Citycenter, United Kingdom"|""||680|2009-06-17 00:00:00.000|"United Kingdom"
241|"Store"|"Contoso Copenhagen Store"|"On"|2004-04-30 00:00:00.000||""|""|"123-555-0167"|"Europe"|"Copenhagen"|"Staden Kobenhavn"|"Ny Carlsbergvej 14 St, Denmark"|"Ny Carlsbergvej 14 St, Denmark"|""|25|680|2009-06-16 00:00:00.000|"Denmark"
249|"Store"|"Contoso Dublin Store"|"On"|2006-02-20 00:00:00.000||""|""|"720-555-0158"|"Europe"|"Dublin"|"Leinster"|"Pconnell Street Upper Dublin, DUBLIN 1, Ireland"|"Pconnell Street Upper Dublin, DUBLIN 1, Ireland"|""|55|680|2009-06-16 00:00:00.000|"Ireland"
234|"Store"|"Contoso Dusseldorf Store"|"On"|2007-09-12 00:00:00.000||"40229"|"40229"|"283-555-0185"|"Europe"|"Dusseldorf"|"North Rhine-Westphalia"|"Citycenter, Dsseldorf, Germany"|"Citycenter, Dsseldorf, Germany"|""|24|500|2009-06-16 00:00:00.000|"Germany"
202|"Store"|"Contoso Edinburgh Store"|"On"|2004-08-02 00:00:00.000||""|""|"296-555-0121"|"Europe"|"Edinburgh"|"Scotland"|"Princes St Edinburgh, Midlothian Shopping mall, United Kingdom"|"Princes St Edinburgh, Midlothian Shopping mall, United Kingdom"|""|25|700|2009-06-17 00:00:00.000|"United Kingdom"
224|"Store"|"Contoso Firenze Store"|"On"|2004-12-07 00:00:00.000||"50122"|"50122"|"110-555-0112"|"Europe"|"Firenze"|"Province of Florence"|""|""|""|45|500|2009-06-16 00:00:00.000|"Italy"
237|"Store"|"Contoso Giebelstadt Store"|"On"|2004-12-26 00:00:00.000||"97232"|"97232"|"264-555-0150"|"Europe"|"Giebelstadt"|"Bavaria"|"Citycenter, Giebelstadt, Germany"|"Citycenter, Giebelstadt, Germany"|""|15|500|2009-06-17 00:00:00.000|"Germany"
203|"Store"|"Contoso Glasgow Store"|"On"|2007-08-16 00:00:00.000||""|""|"289-555-0196"|"Europe"|"Glasgow"|"Scotland"|"Renfrew St Glasgow, Lanarkshire, Citycenter, United Kingdom"|"Renfrew St Glasgow, Lanarkshire, Citycenter, United Kingdom"|""|26|680|2009-06-18 00:00:00.000|"United Kingdom"
231|"Store"|"Contoso Hofheim Store"|"On"|2004-06-17 00:00:00.000||"65719"|"65719"|"405-555-0171"|"Europe"|"Hofheim am Taunus"|"Hesse"|"Citycenter Hofheim am Taunus, Germany"|"Citycenter Hofheim am Taunus, Germany"|""|25|500|2009-06-16 00:00:00.000|"Germany"
213|"Store"|"Contoso Knotty Ash Store"|"On"|2004-03-26 00:00:00.000||""|""|"785-555-0132"|"Europe"|"Knotty Ash"|"England"|"East Prescot Road Knotty Ash, Citycenter, United Kingdom"|"East Prescot Road Knotty Ash, Citycenter, United Kingdom"|""|24|680|2009-06-18 00:00:00.000|"United Kingdom"
232|"Store"|"Contoso koln No.1 Store"|"On"|2004-07-29 00:00:00.000||"50823"|"50823"|"583-555-0182"|"Europe"|"Koln"|"North Rhine-Westphalia"|"Citycenter Koln, Germany"|"Citycenter Koln, Germany"|""|35|500|2009-06-17 00:00:00.000|"Germany"
230|"Store"|"Contoso koln No.2 Store"|"On"|2004-05-15 00:00:00.000||"50672"|"50672"|"916-555-0165"|"Europe"|"Koln"|"North Rhine-Westphalia"|"Downtown, Koln, Germany"|"Downtown, Koln, Germany"|""|25|500|2009-06-17 00:00:00.000|"Germany"
207|"Store"|"Contoso Lancashire Store"|"On"|2004-07-20 00:00:00.000||""|""|"393-555-0186"|"Europe"|"Lancashire"|"England"|"Rochdale Rd Todmorden, Lancashire Shopping mall, United Kingdom"|"Rochdale Rd Todmorden, Lancashire Shopping mall, United Kingdom"|""|36|680|2009-06-17 00:00:00.000|"United Kingdom"
233|"Store"|"Contoso Landstuhl Store"|"On"|2004-08-20 00:00:00.000||"66917"|"66917"|"447-555-0186"|"Europe"|"Landstuhl"|"Rhineland-Palatinate"|"Citycenter Wallhalben, Germany"|"Citycenter Wallhalben, Germany"|""|21|500|2009-06-18 00:00:00.000|"Germany"
303|"Store"|"Contoso Lisbon Store"|"On"|2004-09-20 00:00:00.000||"189076"|"189076"|"290-666-8960"|"Europe"|"Lisbon"|"Lisboa Region"|"Lisbon Citycenter, Lisboa Region"|"Lisbon Citycenter, Lisboa Region"|""|95|480|2009-06-18 22:00:00.000|"Portugal"
244|"Store"|"Contoso Ljubljana Store"|"On"|2004-07-02 00:00:00.000||"1000"|"1000"|"129-555-0199"|"Europe"|"Ljubljana"|"Ljubljana"|"Citycenter Ljubljana, Slovenia"|"Citycenter Ljubljana, Slovenia"|""|36|680|2009-06-16 00:00:00.000|"Slovenia"
217|"Store"|"Contoso Lyon Store"|"On"|2004-08-30 00:00:00.000||"69002"|"69002"|"207-555-0192"|"Europe"|"Lyon"|"Rhone-Alpes"|"Citycenter Lyon, France"|"Citycenter Lyon, France"|""|15|680|2009-06-17 00:00:00.000|"France"
243|"Store"|"Contoso Madrid Store"|"On"|2004-03-01 00:00:00.000||"28049"|"28049"|"166-555-0156"|"Europe"|"Madrid"|"Madrid"|"Alcobendas Shopping mall MADRID, Spain"|"Alcobendas Shopping mall MADRID, Spain"|""|35|680|2009-06-18 00:00:00.000|"Spain"
206|"Store"|"Contoso Manchester Store"|"On"|2004-06-19 00:00:00.000||""|""|"869-555-0125"|"Europe"|"Manchester"|"England"|" Windsor Ave Failsworth, Manchester Citycenter, United Kingdom"|" Windsor Ave Failsworth, Manchester Citycenter, United Kingdom"|""|11|680|2009-06-16 00:00:00.000|"United Kingdom"
216|"Store"|"Contoso Marseille Store"|"On"|2008-04-29 00:00:00.000||"13006"|"13006"|"142-555-0139"|"Europe"|"Marseille"|"Provence-Alpes-Cote d'Azur"|"Citycenter Marseille, France"|"Citycenter Marseille, France"|""|13|680|2009-06-16 00:00:00.000|"France"
226|"Store"|"Contoso Milan Store"|"On"|2004-04-09 00:00:00.000||"20149"|"20149"|"202-555-0187"|"Europe"|"Milan"|"Lombardia"|""|""|""|23|500|2009-06-16 00:00:00.000|"Italy"
263|"Store"|"Contoso Moscow  No.1 Store"|"On"|2004-06-07 00:00:00.000||"107031"|"107031"|"254-555-0114"|"Europe"|"Moscow"|"Moskovskaya oblast"|"Citycenter, Russia"|"Citycenter, Russia"|""|65|480|2009-06-18 00:00:00.000|"Russia"
297|"Store"|"Contoso Moscow  No.2 Store"|"On"|2004-07-02 00:00:00.000||"107561"|"107561"|"615-555-0153"|"Europe"|"Moscow"|"Moskovskaya oblast"|"Russia, 107561 District shopping mall"|"Russia, 107561 District shopping mall"|""|95|480|2009-06-18 16:00:00.000|"Russia"
239|"Store"|"Contoso Munich Store"|"On"|2006-02-28 00:00:00.000||"80331"|"80331"|"497-555-0181"|"Europe"|"Munich"|"Bavaria"|"Citycenter Mnchen, Germany"|"Citycenter Mnchen, Germany"|""|18|500|2009-06-16 00:00:00.000|"Germany"
220|"Store"|"Contoso Nantes Store"|"On"|2004-08-03 00:00:00.000||"44000"|"44000"|"991-555-0184"|"Europe"|"Nantes"|"Pays de la Loire"|"Citycenter Nantes, France"|"Citycenter Nantes, France"|""|11|680|2009-06-17 00:00:00.000|"France"
219|"Store"|"Contoso Nice Store"|"On"|2004-02-02 00:00:00.000||"51000"|"51000"|"315-555-0144"|"Europe"|"Nice"|"Alpes-Maritimes"|"Citycenter Reims, France"|"Citycenter Reims, France"|""|32|680|2009-06-16 00:00:00.000|"France"
305|"Store"|"Contoso Nizhny Novgorod Store"|"On"|2004-03-15 00:00:00.000||"147820"|"147820"|"511-555-0119"|"Europe"|"Nizhny Novgorod"|"Nizhny Novgorod Oblast"|"Nizhny Novgorod  Downtown, Shopping mall"|"Nizhny Novgorod  Downtown, Shopping mall"|""|95|480|2009-06-20 00:00:00.000|"Russia"
238|"Store"|"Contoso obamberg Store"|"On"|2004-05-27 00:00:00.000||"96049"|"96049"|"520-555-0177"|"Europe"|"Bamberg"|"Bavaria"|"Citycenter Bamberg, Germany"|"Citycenter Bamberg, Germany"|""|29|500|2009-06-18 00:00:00.000|"Germany"
235|"Store"|"Contoso Ramstein Store"|"On"|2004-08-13 00:00:00.000||"66877"|"66877"|"555-555-0113"|"Europe"|"Ramstein"|"Rhineland-Palatinate"|"Citycenter Shopping mall Ramstein-Miesenbach, Germany"|"Citycenter Shopping mall Ramstein-Miesenbach, Germany"|""|15|500|2009-06-17 00:00:00.000|"Germany"
222|"Store"|"Contoso Roma Store"|"On"|2007-10-05 00:00:00.000||"192"|"192"|"927-555-0150"|"Europe"|"Roma"|"Roma"|""|""|""|43|490|2009-06-17 00:00:00.000|"Italy"
304|"Store"|"Contoso Saint Petersburg Store"|"On"|2004-06-07 00:00:00.000||"2014522"|"2014522"|"510-555-0118"|"Europe"|"Saint Petersburg"|"Northwestern"|"Saint Petersburg  Citycenter, Shopping mall"|"Saint Petersburg  Citycenter, Shopping mall"|""|95|480|2009-06-19 00:00:00.000|"Russia"
242|"Store"|"Contoso Stockholm Store"|"On"|2004-05-31 00:00:00.000||"11145"|"11145"|"208-555-0114"|"Europe"|"Stockholm"|"Stockholms"|"Birger Jarlsg Shopping mall, Sweden"|"Birger Jarlsg Shopping mall, Sweden"|""|33|680|2009-06-17 00:00:00.000|"Sweden"
211|"Store"|"Contoso Stockport Store"|"On"|2004-11-24 00:00:00.000||""|""|"224-555-0187"|"Europe"|"Stockport"|"England"|"Buxton Rd High Lane, Stockport Citycenter, United Kingdom"|"Buxton Rd High Lane, Stockport Citycenter, United Kingdom"|""|34|680|2009-06-16 00:00:00.000|"United Kingdom"
221|"Store"|"Contoso Strasbourg Store"|"On"|2004-09-04 00:00:00.000||"67000"|"67000"|"310-555-0117"|"Europe"|"Strasbourg"|"Bas-Rhin"|"Downtown Strasbourg, France"|"Downtown Strasbourg, France"|""|10|630|2009-06-16 00:00:00.000|"France"
225|"Store"|"Contoso Torino Store"|"On"|2004-03-18 00:00:00.000||"10141"|"10141"|"931-555-0118"|"Europe"|"Torino"|"Province of Turin"|""|""|""|24|500|2009-06-17 00:00:00.000|"Italy"
218|"Store"|"Contoso Toulouse Store"|"On"|2004-09-11 00:00:00.000||"31000"|"31000"|"575-555-0126"|"Europe"|"Toulouse"|"Midi-Pyrenees"|"Citycenter  toulouse, France"|"Citycenter  toulouse, France"|""|23|680|2009-06-18 00:00:00.000|"France"
248|"Store"|"Contoso Valletta Store"|"On"|2004-02-19 00:00:00.000||""|""|"265-555-0195"|"Europe"|"Valletta"|"Valletta"|"Citycenter, Fgura, Malta"|"Citycenter, Fgura, Malta"|""|42|680|2009-06-18 00:00:00.000|"Malta"
223|"Store"|"Contoso Venezia Store"|"On"|2009-07-06 00:00:00.000||"30124"|"30124"|"330-555-2568"|"Europe"|"Venezia"|"Venice"|""|""|""|11|500|2009-06-18 00:00:00.000|"Italy"
247|"Store"|"Contoso Warsaw Store"|"On"|2004-09-04 00:00:00.000||""|""|"680-555-0118"|"Europe"|"Warsaw"|"Warszawa"|"Citycenter Warszawa, Poland"|"Citycenter Warszawa, Poland"|""|15|680|2009-06-17 00:00:00.000|"Poland"
208|"Store"|"Contoso West Yorkshire Store"|"On"|2004-03-21 00:00:00.000||""|""|"318-555-0137"|"Europe"|"West Yorkshire"|"England"|"22 Market Sq Shipley, West Yorkshire, BD18 3QJ, United Kingdom"|"22 Market Sq Shipley, West Yorkshire, BD18 3QJ, United Kingdom"|""|90|680|2009-06-18 00:00:00.000|"United Kingdom"
287|"Store"|"Contoso Montreal No.1 Store"|"On"|2004-09-12 00:00:00.000||""|""|"517-555-0117"|"North America"|"Montreal"|"Quebec"|"Boulevard Decarie, Montreal Rd, Canada"|"Boulevard Decarie, Montreal Rd, Canada"|""|95|480|2009-06-18 06:00:00.000|"Canada"
288|"Store"|"Contoso Montreal No.2 Store"|"On"|2003-02-13 00:00:00.000||""|""|"922-555-0165"|"North America"|"Montreal"|"Quebec"|"De avenue du parc Shopping mall, Montral, Canada"|"De avenue du parc Shopping mall, Montral, Canada"|""|95|480|2009-06-18 07:00:00.000|"Canada"
282|"Store"|"Contoso Ottawa No.1 Store"|"On"|2004-04-09 00:00:00.000||""|""|"210-555-0193"|"North America"|"Ottawa"|"Ontario"|"Elgin Street, Ottawa,  Canada"|"Elgin Street, Ottawa,  Canada"|""|95|480|2009-06-18 01:00:00.000|"Canada"
283|"Store"|"Contoso Ottawa No.2 Store"|"On"|2004-05-15 00:00:00.000||""|""|"210-555-0193"|"North America"|"Ottawa"|"Ontario"|"Carling Avenue, Ottawa, Canada"|"Carling Avenue, Ottawa, Canada"|""|95|480|2009-06-18 02:00:00.000|"Canada"
284|"Store"|"Contoso Toronto No.1 Store"|"On"|2004-06-17 00:00:00.000||""|""|"210-555-0193"|"North America"|"Toronto"|"Ontario"|"George St, Toronto, Canada"|"George St, Toronto, Canada"|""|95|480|2009-06-18 03:00:00.000|"Canada"
285|"Store"|"Contoso Toronto No.2 Store"|"On"|2003-07-29 00:00:00.000||""|""|"257-555-0154"|"North America"|"Toronto"|"Ontario"|"Chestnut Street, Toronto, Canada"|"Chestnut Street, Toronto, Canada"|""|95|480|2009-06-18 04:00:00.000|"Canada"
286|"Store"|"Contoso Toronto No.3 Store"|"On"|2004-08-20 00:00:00.000||""|""|"883-555-0116"|"North America"|"Toronto"|"Ontario"|" Dundas Street East, Toronto, Canada"|" Dundas Street East, Toronto, Canada"|""|95|480|2009-06-18 05:00:00.000|"Canada"
